"Condition","Wellbeing_M","Wellbeing_SD","Decentering_M","Decentering_SD","Reappraisal_M","Reappraisal_SD","PosAffect_M","PosAffect_SD","NegAffect_M","NegAffect_SD","Stressed_M","Stressed_SD"
"Choice",6.3968253968254,2.8863266636928,9.24444444444444,2.49852043974575,4.62539682539683,1.44517297291568,3.2047619047619,1.09579807920587,1.58253968253968,0.916678385234054,3.06825396825397,1.58494362824722
"Control",5.21515151515151,2.52388242590057,8.34710743801653,2.43152889561139,4.08815426997245,1.40163584712943,3.1513353115727,0.85787996425191,2.03792134831461,0.939340586506544,3.11396011396011,1.38454901934745
"Value",5.76086956521739,2.8462575062096,8.18394648829431,2.36932504133335,3.98996655518395,1.57685642129343,3.04347826086957,1.09135526639076,1.6571906354515,0.891066851968533,3.42642140468227,1.53906760637406
